{"cameraMode":{"drawMode":0,"name":"Shaded","section":"Shading Mode"},"sceneLighting":true,"audioPlay":false,"sceneViewState":{"m_AlwaysRefresh":false,"showFog":true,"showSkybox":true,"showFlares":true,"showImageEffects":true,"showParticleSystems":true,"showVisualEffectGraphs":true,"m_FxEnabled":true},"in2DMode":false,"pivot":{"x":181.83006286621095,"y":213.97509765625,"z":2.349295139312744},"rotation":{"x":0.01618850976228714,"y":0.012594304047524929,"z":0.00018294779874850065,"w":-0.9998157024383545},"size":64.56532287597656,"orthographic":false}